-- Sample data for Skillia (all columns filled)

-- 1. Add 20 jobseeker users
INSERT INTO users (name, email, password, user_type, created_at, updated_at) VALUES
('Alice Johnson', 'alice.johnson@example.com', '$2y$10$abcdefghijklmnopqrstuv', 'jobseeker', NOW(), NOW()),
('Bob Smith', 'bob.smith@example.com', '$2y$10$abcdefghijklmnopqrstuv', 'jobseeker', NOW(), NOW()),
('Carol Lee', 'carol.lee@example.com', '$2y$10$abcdefghijklmnopqrstuv', 'jobseeker', NOW(), NOW()),
('David Kim', 'david.kim@example.com', '$2y$10$abcdefghijklmnopqrstuv', 'jobseeker', NOW(), NOW()),
('Eva Brown', 'eva.brown@example.com', '$2y$10$abcdefghijklmnopqrstuv', 'jobseeker', NOW(), NOW()),
('Frank Green', 'frank.green@example.com', '$2y$10$abcdefghijklmnopqrstuv', 'jobseeker', NOW(), NOW()),
('Grace Hall', 'grace.hall@example.com', '$2y$10$abcdefghijklmnopqrstuv', 'jobseeker', NOW(), NOW()),
('Henry Young', 'henry.young@example.com', '$2y$10$abcdefghijklmnopqrstuv', 'jobseeker', NOW(), NOW()),
('Ivy King', 'ivy.king@example.com', '$2y$10$abcdefghijklmnopqrstuv', 'jobseeker', NOW(), NOW()),
('Jack Wright', 'jack.wright@example.com', '$2y$10$abcdefghijklmnopqrstuv', 'jobseeker', NOW(), NOW()),
('Kathy Scott', 'kathy.scott@example.com', '$2y$10$abcdefghijklmnopqrstuv', 'jobseeker', NOW(), NOW()),
('Leo Adams', 'leo.adams@example.com', '$2y$10$abcdefghijklmnopqrstuv', 'jobseeker', NOW(), NOW()),
('Mona Clark', 'mona.clark@example.com', '$2y$10$abcdefghijklmnopqrstuv', 'jobseeker', NOW(), NOW()),
('Nate Lewis', 'nate.lewis@example.com', '$2y$10$abcdefghijklmnopqrstuv', 'jobseeker', NOW(), NOW()),
('Olivia Walker', 'olivia.walker@example.com', '$2y$10$abcdefghijklmnopqrstuv', 'jobseeker', NOW(), NOW()),
('Paul Harris', 'paul.harris@example.com', '$2y$10$abcdefghijklmnopqrstuv', 'jobseeker', NOW(), NOW()),
('Quinn Baker', 'quinn.baker@example.com', '$2y$10$abcdefghijklmnopqrstuv', 'jobseeker', NOW(), NOW()),
('Rita Nelson', 'rita.nelson@example.com', '$2y$10$abcdefghijklmnopqrstuv', 'jobseeker', NOW(), NOW()),
('Sam Carter', 'sam.carter@example.com', '$2y$10$abcdefghijklmnopqrstuv', 'jobseeker', NOW(), NOW()),
('Tina Perez', 'tina.perez@example.com', '$2y$10$abcdefghijklmnopqrstuv', 'jobseeker', NOW(), NOW());

-- 2. Add 10 employer users
INSERT INTO users (name, email, password, user_type, created_at, updated_at) VALUES
('Acme Corp', 'hr@acmecorp.com', '$2y$10$abcdefghijklmnopqrstuv', 'employer', NOW(), NOW()),
('Beta Solutions', 'jobs@betasolutions.com', '$2y$10$abcdefghijklmnopqrstuv', 'employer', NOW(), NOW()),
('Creative Minds', 'careers@creativeminds.com', '$2y$10$abcdefghijklmnopqrstuv', 'employer', NOW(), NOW()),
('Delta Tech', 'hiring@deltatech.com', '$2y$10$abcdefghijklmnopqrstuv', 'employer', NOW(), NOW()),
('Epsilon LLC', 'work@epsilonllc.com', '$2y$10$abcdefghijklmnopqrstuv', 'employer', NOW(), NOW()),
('Future Vision', 'talent@futurevision.com', '$2y$10$abcdefghijklmnopqrstuv', 'employer', NOW(), NOW()),
('Global Dynamics', 'recruit@globaldynamics.com', '$2y$10$abcdefghijklmnopqrstuv', 'employer', NOW(), NOW()),
('Horizon Group', 'apply@horizongroup.com', '$2y$10$abcdefghijklmnopqrstuv', 'employer', NOW(), NOW()),
('InnovateX', 'jobs@innovatex.com', '$2y$10$abcdefghijklmnopqrstuv', 'employer', NOW(), NOW()),
('Jupiter Systems', 'careers@jupitersystems.com', '$2y$10$abcdefghijklmnopqrstuv', 'employer', NOW(), NOW());

-- 3. Add 5 admins (to admins table, not users)
INSERT INTO admins (username, password, created_at) VALUES
('admin1', '$2y$10$abcdefghijklmnopqrstuv', NOW()),
('admin2', '$2y$10$abcdefghijklmnopqrstuv', NOW()),
('admin3', '$2y$10$abcdefghijklmnopqrstuv', NOW()),
('admin4', '$2y$10$abcdefghijklmnopqrstuv', NOW()),
('admin5', '$2y$10$abcdefghijklmnopqrstuv', NOW());

-- 4. Add 10 employers to employers table (with all columns)
INSERT INTO employers (user_id, company_name, company_description, company_logo, phone, position, photo) VALUES
((SELECT id FROM users WHERE email='hr@acmecorp.com'), 'Acme Corp', 'Tech company', '../uploads/company-profile/company_1.png', '+8801711000001', 'CEO', NULL),
((SELECT id FROM users WHERE email='jobs@betasolutions.com'), 'Beta Solutions', 'IT solutions provider', '../uploads/company-profile/company_2.png', '+8801711000002', 'CTO', NULL),
((SELECT id FROM users WHERE email='careers@creativeminds.com'), 'Creative Minds', 'Creative agency', '../uploads/company-profile/company_3.png', '+8801711000003', 'COO', NULL),
((SELECT id FROM users WHERE email='hiring@deltatech.com'), 'Delta Tech', 'Software development', '../uploads/company-profile/company_4.png', '+8801711000004', 'Manager', NULL),
((SELECT id FROM users WHERE email='work@epsilonllc.com'), 'Epsilon LLC', 'Business consulting', '../uploads/company-profile/company_5.png', '+8801711000005', 'Director', NULL),
((SELECT id FROM users WHERE email='talent@futurevision.com'), 'Future Vision', 'Futuristic solutions', '../uploads/company-profile/company_6.png', '+8801711000006', 'Lead', NULL),
((SELECT id FROM users WHERE email='recruit@globaldynamics.com'), 'Global Dynamics', 'Global business', '../uploads/company-profile/company_7.png', '+8801711000007', 'VP', NULL),
((SELECT id FROM users WHERE email='apply@horizongroup.com'), 'Horizon Group', 'Consulting group', '../uploads/company-profile/company_8.png', '+8801711000008', 'Head', NULL),
((SELECT id FROM users WHERE email='jobs@innovatex.com'), 'InnovateX', 'Innovation experts', '../uploads/company-profile/company_9.png', '+8801711000009', 'Founder', NULL),
((SELECT id FROM users WHERE email='careers@jupitersystems.com'), 'Jupiter Systems', 'Systems integrator', '../uploads/company-profile/company_10.png', '+8801711000010', 'Owner', NULL);

-- 5. Add 20 jobseekers to job_seekers table (with all columns)
INSERT INTO job_seekers (user_id, resume, skills, bio, photo, phone, location, linkedin, portfolio, experience, education, created_at, updated_at, title, expected_salary, languages, github) VALUES
((SELECT id FROM users WHERE email='alice.johnson@example.com'), NULL, 'Java, PHP', 'Hardworking developer.', NULL, '+8801700000001', 'Dhaka, Bangladesh', 'https://linkedin.com/in/alicejohnson', NULL, '2 years', 'BSc in CSE', NOW(), NOW(), 'Junior Developer', '25000 BDT/month', 'English, Bengali', 'https://github.com/alicejohnson'),
((SELECT id FROM users WHERE email='bob.smith@example.com'), NULL, 'Python, SQL', 'Data enthusiast.', NULL, '+8801700000002', 'Chittagong, Bangladesh', 'https://linkedin.com/in/bobsmith', NULL, '1 year', 'BSc in EEE', NOW(), NOW(), 'Data Analyst', '22000 BDT/month', 'English', 'https://github.com/bobsmith'),
((SELECT id FROM users WHERE email='carol.lee@example.com'), NULL, 'HTML, CSS', 'UI/UX designer.', NULL, '+8801700000003', 'Sylhet, Bangladesh', 'https://linkedin.com/in/carollee', NULL, '3 years', 'BSc in Architecture', NOW(), NOW(), 'UI/UX Designer', '27000 BDT/month', 'English', 'https://github.com/carollee'),
((SELECT id FROM users WHERE email='david.kim@example.com'), NULL, 'JavaScript, React', 'Frontend specialist.', NULL, '+8801700000004', 'Dhaka, Bangladesh', 'https://linkedin.com/in/davidkim', NULL, '2 years', 'BSc in CSE', NOW(), NOW(), 'Frontend Developer', '26000 BDT/month', 'English, Bengali', 'https://github.com/davidkim'),
((SELECT id FROM users WHERE email='eva.brown@example.com'), NULL, 'C++, Python', 'Backend developer.', NULL, '+8801700000005', 'Khulna, Bangladesh', 'https://linkedin.com/in/evabrown', NULL, '1 year', 'BSc in CSE', NOW(), NOW(), 'Backend Developer', '23000 BDT/month', 'English', 'https://github.com/evabrown'),
((SELECT id FROM users WHERE email='frank.green@example.com'), NULL, 'PHP, Laravel', 'Full stack dev.', NULL, '+8801700000006', 'Dhaka, Bangladesh', 'https://linkedin.com/in/frankgreen', NULL, '4 years', 'BSc in SWE', NOW(), NOW(), 'Full Stack Developer', '30000 BDT/month', 'English, Bengali', 'https://github.com/frankgreen'),
((SELECT id FROM users WHERE email='grace.hall@example.com'), NULL, 'Python, Django', 'Web developer.', NULL, '+8801700000007', 'Chittagong, Bangladesh', 'https://linkedin.com/in/gracehall', NULL, '2 years', 'BSc in CSE', NOW(), NOW(), 'Web Developer', '24000 BDT/month', 'English', 'https://github.com/gracehall'),
((SELECT id FROM users WHERE email='henry.young@example.com'), NULL, 'Java, Spring', 'Java developer.', NULL, '+8801700000008', 'Sylhet, Bangladesh', 'https://linkedin.com/in/henryyoung', NULL, '3 years', 'BSc in CSE', NOW(), NOW(), 'Java Developer', '28000 BDT/month', 'English', 'https://github.com/henryyoung'),
((SELECT id FROM users WHERE email='ivy.king@example.com'), NULL, 'C#, .NET', 'Software engineer.', NULL, '+8801700000009', 'Dhaka, Bangladesh', 'https://linkedin.com/in/ivyking', NULL, '2 years', 'BSc in CSE', NOW(), NOW(), 'Software Engineer', '26000 BDT/month', 'English, Bengali', 'https://github.com/ivyking'),
((SELECT id FROM users WHERE email='jack.wright@example.com'), NULL, 'Go, Docker', 'DevOps engineer.', NULL, '+8801700000010', 'Chittagong, Bangladesh', 'https://linkedin.com/in/jackwright', NULL, '1 year', 'BSc in CSE', NOW(), NOW(), 'DevOps Engineer', '22000 BDT/month', 'English', 'https://github.com/jackwright'),
((SELECT id FROM users WHERE email='kathy.scott@example.com'), NULL, 'Ruby, Rails', 'Backend dev.', NULL, '+8801700000011', 'Dhaka, Bangladesh', 'https://linkedin.com/in/kathyscott', NULL, '2 years', 'BSc in CSE', NOW(), NOW(), 'Backend Developer', '25000 BDT/month', 'English', 'https://github.com/kathyscott'),
((SELECT id FROM users WHERE email='leo.adams@example.com'), NULL, 'Swift, iOS', 'Mobile app dev.', NULL, '+8801700000012', 'Sylhet, Bangladesh', 'https://linkedin.com/in/leo-adams', NULL, '3 years', 'BSc in CSE', NOW(), NOW(), 'iOS Developer', '29000 BDT/month', 'English', 'https://github.com/leo-adams'),
((SELECT id FROM users WHERE email='mona.clark@example.com'), NULL, 'Kotlin, Android', 'Android dev.', NULL, '+8801700000013', 'Dhaka, Bangladesh', 'https://linkedin.com/in/monaclark', NULL, '2 years', 'BSc in CSE', NOW(), NOW(), 'Android Developer', '26000 BDT/month', 'English, Bengali', 'https://github.com/monaclark'),
((SELECT id FROM users WHERE email='nate.lewis@example.com'), NULL, 'SQL, MySQL', 'Database admin.', NULL, '+8801700000014', 'Chittagong, Bangladesh', 'https://linkedin.com/in/natelewis', NULL, '4 years', 'BSc in CSE', NOW(), NOW(), 'DBA', '30000 BDT/month', 'English', 'https://github.com/natelewis'),
((SELECT id FROM users WHERE email='olivia.walker@example.com'), NULL, 'HTML, CSS, JS', 'Frontend dev.', NULL, '+8801700000015', 'Sylhet, Bangladesh', 'https://linkedin.com/in/oliviawalker', NULL, '1 year', 'BSc in CSE', NOW(), NOW(), 'Frontend Developer', '22000 BDT/month', 'English', 'https://github.com/oliviawalker'),
((SELECT id FROM users WHERE email='paul.harris@example.com'), NULL, 'PHP, MySQL', 'Web dev.', NULL, '+8801700000016', 'Dhaka, Bangladesh', 'https://linkedin.com/in/paulharris', NULL, '2 years', 'BSc in CSE', NOW(), NOW(), 'Web Developer', '25000 BDT/month', 'English, Bengali', 'https://github.com/paulharris'),
((SELECT id FROM users WHERE email='quinn.baker@example.com'), NULL, 'Java, Spring', 'Java dev.', NULL, '+8801700000017', 'Chittagong, Bangladesh', 'https://linkedin.com/in/quinnbaker', NULL, '3 years', 'BSc in CSE', NOW(), NOW(), 'Java Developer', '28000 BDT/month', 'English', 'https://github.com/quinnbaker'),
((SELECT id FROM users WHERE email='rita.nelson@example.com'), NULL, 'Python, Flask', 'Backend dev.', NULL, '+8801700000018', 'Dhaka, Bangladesh', 'https://linkedin.com/in/ritanelson', NULL, '2 years', 'BSc in CSE', NOW(), NOW(), 'Backend Developer', '26000 BDT/month', 'English, Bengali', 'https://github.com/ritanelson'),
((SELECT id FROM users WHERE email='sam.carter@example.com'), NULL, 'C, C++', 'Embedded dev.', NULL, '+8801700000019', 'Sylhet, Bangladesh', 'https://linkedin.com/in/samcarter', NULL, '1 year', 'BSc in CSE', NOW(), NOW(), 'Embedded Developer', '22000 BDT/month', 'English', 'https://github.com/samcarter'),
((SELECT id FROM users WHERE email='tina.perez@example.com'), NULL, 'JavaScript, Vue', 'Frontend dev.', NULL, '+8801700000020', 'Dhaka, Bangladesh', 'https://linkedin.com/in/tinaperez', NULL, '2 years', 'BSc in CSE', NOW(), NOW(), 'Frontend Developer', '25000 BDT/month', 'English', 'https://github.com/tinaperez');

-- 6. Add 50 jobs (all columns)
INSERT INTO jobs (employer_id, company_name, title, description, location, salary, created_at, updated_at, job_post_type, job_type, category_id, experience_level) VALUES
((SELECT id FROM employers WHERE user_id=(SELECT id FROM users WHERE email='hr@acmecorp.com')), 'Acme Corp', 'Frontend Developer', 'Develop UI for web apps', 'Dhaka (Full-time)', '30000 BDT', NOW(), NOW(), 'company', 'Full-time', 1, 'Entry Level'),
((SELECT id FROM employers WHERE user_id=(SELECT id FROM users WHERE email='jobs@betasolutions.com')), 'Beta Solutions', 'Backend Developer', 'Work on server-side logic', 'Chittagong (Full-time)', '40000 BDT', NOW(), NOW(), 'company', 'Full-time', 2, 'Mid Level'),
((SELECT id FROM employers WHERE user_id=(SELECT id FROM users WHERE email='careers@creativeminds.com')), 'Creative Minds', 'UI/UX Designer', 'Design user interfaces', 'Dhaka (Full-time)', '35000 BDT', NOW(), NOW(), 'company', 'Full-time', 3, 'Entry Level'),
((SELECT id FROM employers WHERE user_id=(SELECT id FROM users WHERE email='hiring@deltatech.com')), 'Delta Tech', 'QA Engineer', 'Test software products', 'Sylhet (Full-time)', '28000 BDT', NOW(), NOW(), 'company', 'Full-time', 4, 'Entry Level'),
((SELECT id FROM employers WHERE user_id=(SELECT id FROM users WHERE email='work@epsilonllc.com')), 'Epsilon LLC', 'Project Manager', 'Manage software projects', 'Dhaka (Full-time)', '80000 BDT', NOW(), NOW(), 'company', 'Full-time', 5, 'Senior Level'),
((SELECT id FROM employers WHERE user_id=(SELECT id FROM users WHERE email='talent@futurevision.com')), 'Future Vision', 'DevOps Engineer', 'Automate deployments', 'Chittagong (Full-time)', '50000 BDT', NOW(), NOW(), 'company', 'Full-time', 6, 'Mid Level'),
((SELECT id FROM employers WHERE user_id=(SELECT id FROM users WHERE email='recruit@globaldynamics.com')), 'Global Dynamics', 'Mobile App Developer', 'Build mobile apps', 'Dhaka (Full-time)', '32000 BDT', NOW(), NOW(), 'company', 'Full-time', 7, 'Entry Level'),
((SELECT id FROM employers WHERE user_id=(SELECT id FROM users WHERE email='apply@horizongroup.com')), 'Horizon Group', 'Data Analyst', 'Analyze data sets', 'Sylhet (Full-time)', '45000 BDT', NOW(), NOW(), 'company', 'Full-time', 8, 'Mid Level'),
((SELECT id FROM employers WHERE user_id=(SELECT id FROM users WHERE email='jobs@innovatex.com')), 'InnovateX', 'HR Specialist', 'Manage HR tasks', 'Dhaka (Full-time)', '25000 BDT', NOW(), NOW(), 'company', 'Full-time', 9, 'Entry Level'),
((SELECT id FROM employers WHERE user_id=(SELECT id FROM users WHERE email='careers@jupitersystems.com')), 'Jupiter Systems', 'Marketing Manager', 'Lead marketing team', 'Chittagong (Full-time)', '90000 BDT', NOW(), NOW(), 'company', 'Full-time', 10, 'Senior Level'),
((SELECT id FROM employers WHERE user_id=(SELECT id FROM users WHERE email='hr@acmecorp.com')), 'Acme Corp', 'Full Stack Developer', 'Work on both frontend and backend', 'Dhaka (Full-time)', '60000 BDT', NOW(), NOW(), 'company', 'Full-time', 1, 'Mid Level'),
((SELECT id FROM employers WHERE user_id=(SELECT id FROM users WHERE email='jobs@betasolutions.com')), 'Beta Solutions', 'System Administrator', 'Maintain IT systems', 'Sylhet (Full-time)', '55000 BDT', NOW(), NOW(), 'company', 'Full-time', 2, 'Mid Level'),
((SELECT id FROM employers WHERE user_id=(SELECT id FROM users WHERE email='careers@creativeminds.com')), 'Creative Minds', 'Content Writer', 'Write blog posts', 'Dhaka (Full-time)', '20000 BDT', NOW(), NOW(), 'company', 'Full-time', 3, 'Entry Level'),
((SELECT id FROM employers WHERE user_id=(SELECT id FROM users WHERE email='hiring@deltatech.com')), 'Delta Tech', 'SEO Specialist', 'Optimize websites', 'Chittagong (Full-time)', '40000 BDT', NOW(), NOW(), 'company', 'Full-time', 4, 'Mid Level'),
((SELECT id FROM employers WHERE user_id=(SELECT id FROM users WHERE email='work@epsilonllc.com')), 'Epsilon LLC', 'Business Analyst', 'Analyze business needs', 'Dhaka (Full-time)', '70000 BDT', NOW(), NOW(), 'company', 'Full-time', 5, 'Senior Level'),
((SELECT id FROM employers WHERE user_id=(SELECT id FROM users WHERE email='talent@futurevision.com')), 'Future Vision', 'Network Engineer', 'Manage network infrastructure', 'Sylhet (Full-time)', '50000 BDT', NOW(), NOW(), 'company', 'Full-time', 6, 'Mid Level'),
((SELECT id FROM employers WHERE user_id=(SELECT id FROM users WHERE email='recruit@globaldynamics.com')), 'Global Dynamics', 'Support Engineer', 'Provide tech support', 'Dhaka (Full-time)', '25000 BDT', NOW(), NOW(), 'company', 'Full-time', 7, 'Entry Level'),
((SELECT id FROM employers WHERE user_id=(SELECT id FROM users WHERE email='apply@horizongroup.com')), 'Horizon Group', 'Product Manager', 'Oversee product development', 'Chittagong (Full-time)', '100000 BDT', NOW(), NOW(), 'company', 'Full-time', 8, 'Senior Level'),
((SELECT id FROM employers WHERE user_id=(SELECT id FROM users WHERE email='jobs@innovatex.com')), 'InnovateX', 'Recruiter', 'Recruit new employees', 'Dhaka (Full-time)', '22000 BDT', NOW(), NOW(), 'company', 'Full-time', 9, 'Entry Level'),
((SELECT id FROM employers WHERE user_id=(SELECT id FROM users WHERE email='careers@jupitersystems.com')), 'Jupiter Systems', 'Sales Executive', 'Drive sales', 'Sylhet (Full-time)', '45000 BDT', NOW(), NOW(), 'company', 'Full-time', 10, 'Mid Level'),
((SELECT id FROM employers WHERE user_id=(SELECT id FROM users WHERE email='hr@acmecorp.com')), 'Acme Corp', 'Cloud Engineer', 'Work with cloud platforms', 'Dhaka (Full-time)', '60000 BDT', NOW(), NOW(), 'company', 'Full-time', 1, 'Mid Level'),
((SELECT id FROM employers WHERE user_id=(SELECT id FROM users WHERE email='jobs@betasolutions.com')), 'Beta Solutions', 'Graphic Designer', 'Create graphics', 'Chittagong (Full-time)', '25000 BDT', NOW(), NOW(), 'company', 'Full-time', 2, 'Entry Level'),
((SELECT id FROM employers WHERE user_id=(SELECT id FROM users WHERE email='careers@creativeminds.com')), 'Creative Minds', 'Copywriter', 'Write ad copy', 'Dhaka (Full-time)', '20000 BDT', NOW(), NOW(), 'company', 'Full-time', 3, 'Entry Level'),
((SELECT id FROM employers WHERE user_id=(SELECT id FROM users WHERE email='hiring@deltatech.com')), 'Delta Tech', 'Operations Manager', 'Oversee operations', 'Sylhet (Full-time)', '85000 BDT', NOW(), NOW(), 'company', 'Full-time', 4, 'Senior Level'),
((SELECT id FROM employers WHERE user_id=(SELECT id FROM users WHERE email='work@epsilonllc.com')), 'Epsilon LLC', 'Finance Analyst', 'Analyze finances', 'Dhaka (Full-time)', '55000 BDT', NOW(), NOW(), 'company', 'Full-time', 5, 'Mid Level'),
((SELECT id FROM employers WHERE user_id=(SELECT id FROM users WHERE email='talent@futurevision.com')), 'Future Vision', 'Customer Service Rep', 'Assist customers', 'Chittagong (Full-time)', '18000 BDT', NOW(), NOW(), 'company', 'Full-time', 6, 'Entry Level'),
((SELECT id FROM employers WHERE user_id=(SELECT id FROM users WHERE email='recruit@globaldynamics.com')), 'Global Dynamics', 'Web Developer', 'Build websites', 'Dhaka (Full-time)', '30000 BDT', NOW(), NOW(), 'company', 'Full-time', 7, 'Entry Level'),
((SELECT id FROM employers WHERE user_id=(SELECT id FROM users WHERE email='apply@horizongroup.com')), 'Horizon Group', 'Accountant', 'Manage accounts', 'Sylhet (Full-time)', '40000 BDT', NOW(), NOW(), 'company', 'Full-time', 8, 'Mid Level'),
((SELECT id FROM employers WHERE user_id=(SELECT id FROM users WHERE email='jobs@innovatex.com')), 'InnovateX', 'PR Manager', 'Manage public relations', 'Dhaka (Full-time)', '80000 BDT', NOW(), NOW(), 'company', 'Full-time', 9, 'Senior Level'),
((SELECT id FROM employers WHERE user_id=(SELECT id FROM users WHERE email='careers@jupitersystems.com')), 'Jupiter Systems', 'Legal Advisor', 'Provide legal advice', 'Chittagong (Full-time)', '110000 BDT', NOW(), NOW(), 'company', 'Full-time', 10, 'Senior Level'),
((SELECT id FROM employers WHERE user_id=(SELECT id FROM users WHERE email='hr@acmecorp.com')), 'Acme Corp', 'Mobile Tester', 'Test mobile apps', 'Dhaka (Full-time)', '22000 BDT', NOW(), NOW(), 'company', 'Full-time', 1, 'Entry Level'),
((SELECT id FROM employers WHERE user_id=(SELECT id FROM users WHERE email='jobs@betasolutions.com')), 'Beta Solutions', 'Office Manager', 'Manage office', 'Sylhet (Full-time)', '45000 BDT', NOW(), NOW(), 'company', 'Full-time', 2, 'Mid Level'),
((SELECT id FROM employers WHERE user_id=(SELECT id FROM users WHERE email='careers@creativeminds.com')), 'Creative Minds', 'Research Analyst', 'Conduct research', 'Dhaka (Full-time)', '28000 BDT', NOW(), NOW(), 'company', 'Full-time', 3, 'Entry Level'),
((SELECT id FROM employers WHERE user_id=(SELECT id FROM users WHERE email='hiring@deltatech.com')), 'Delta Tech', 'Brand Manager', 'Manage brand image', 'Chittagong (Full-time)', '95000 BDT', NOW(), NOW(), 'company', 'Full-time', 4, 'Senior Level'),
((SELECT id FROM employers WHERE user_id=(SELECT id FROM users WHERE email='work@epsilonllc.com')), 'Epsilon LLC', 'HR Manager', 'Lead HR team', 'Dhaka (Full-time)', '90000 BDT', NOW(), NOW(), 'company', 'Full-time', 5, 'Senior Level'),
((SELECT id FROM employers WHERE user_id=(SELECT id FROM users WHERE email='talent@futurevision.com')), 'Future Vision', 'IT Support', 'Provide IT support', 'Sylhet (Full-time)', '20000 BDT', NOW(), NOW(), 'company', 'Full-time', 6, 'Entry Level'),
((SELECT id FROM employers WHERE user_id=(SELECT id FROM users WHERE email='recruit@globaldynamics.com')), 'Global Dynamics', 'Digital Marketer', 'Run digital campaigns', 'Dhaka (Full-time)', '50000 BDT', NOW(), NOW(), 'company', 'Full-time', 7, 'Mid Level'),
((SELECT id FROM employers WHERE user_id=(SELECT id FROM users WHERE email='apply@horizongroup.com')), 'Horizon Group', 'Logistics Coordinator', 'Coordinate logistics', 'Chittagong (Full-time)', '25000 BDT', NOW(), NOW(), 'company', 'Full-time', 8, 'Entry Level'),
((SELECT id FROM employers WHERE user_id=(SELECT id FROM users WHERE email='jobs@innovatex.com')), 'InnovateX', 'Procurement Officer', 'Handle procurement', 'Dhaka (Full-time)', '55000 BDT', NOW(), NOW(), 'company', 'Full-time', 9, 'Mid Level'),
((SELECT id FROM employers WHERE user_id=(SELECT id FROM users WHERE email='careers@jupitersystems.com')), 'Jupiter Systems', 'Chief Technology Officer', 'Lead tech team', 'Sylhet (Full-time)', '150000 BDT', NOW(), NOW(), 'company', 'Full-time', 10, 'Senior Level'),
((SELECT id FROM employers WHERE user_id=(SELECT id FROM users WHERE email='hr@acmecorp.com')), 'Acme Corp', 'QA Tester', 'Test software', 'Dhaka (Full-time)', '22000 BDT', NOW(), NOW(), 'company', 'Full-time', 1, 'Entry Level'),
((SELECT id FROM employers WHERE user_id=(SELECT id FROM users WHERE email='jobs@betasolutions.com')), 'Beta Solutions', 'Business Development', 'Grow business', 'Chittagong (Full-time)', '60000 BDT', NOW(), NOW(), 'company', 'Full-time', 2, 'Mid Level'),
((SELECT id FROM employers WHERE user_id=(SELECT id FROM users WHERE email='careers@creativeminds.com')), 'Creative Minds', 'Recruitment Specialist', 'Recruit staff', 'Dhaka (Full-time)', '25000 BDT', NOW(), NOW(), 'company', 'Full-time', 3, 'Entry Level'),
((SELECT id FROM employers WHERE user_id=(SELECT id FROM users WHERE email='hiring@deltatech.com')), 'Delta Tech', 'Office Assistant', 'Assist office tasks', 'Sylhet (Full-time)', '18000 BDT', NOW(), NOW(), 'company', 'Full-time', 4, 'Entry Level'),
((SELECT id FROM employers WHERE user_id=(SELECT id FROM users WHERE email='work@epsilonllc.com')), 'Epsilon LLC', 'Financial Controller', 'Control finances', 'Dhaka (Full-time)', '120000 BDT', NOW(), NOW(), 'company', 'Full-time', 5, 'Senior Level'),
((SELECT id FROM employers WHERE user_id=(SELECT id FROM users WHERE email='talent@futurevision.com')), 'Future Vision', 'Customer Success', 'Ensure customer success', 'Chittagong (Full-time)', '45000 BDT', NOW(), NOW(), 'company', 'Full-time', 6, 'Mid Level'),
((SELECT id FROM employers WHERE user_id=(SELECT id FROM users WHERE email='recruit@globaldynamics.com')), 'Global Dynamics', 'Web Designer', 'Design websites', 'Dhaka (Full-time)', '28000 BDT', NOW(), NOW(), 'company', 'Full-time', 7, 'Entry Level'),
((SELECT id FROM employers WHERE user_id=(SELECT id FROM users WHERE email='apply@horizongroup.com')), 'Horizon Group', 'Payroll Officer', 'Manage payroll', 'Sylhet (Full-time)', '40000 BDT', NOW(), NOW(), 'company', 'Full-time', 8, 'Mid Level'),
((SELECT id FROM employers WHERE user_id=(SELECT id FROM users WHERE email='jobs@innovatex.com')), 'InnovateX', 'Head of Marketing', 'Lead marketing', 'Dhaka (Full-time)', '100000 BDT', NOW(), NOW(), 'company', 'Full-time', 9, 'Senior Level'),
((SELECT id FROM employers WHERE user_id=(SELECT id FROM users WHERE email='careers@jupitersystems.com')), 'Jupiter Systems', 'Legal Officer', 'Handle legal matters', 'Chittagong (Full-time)', '60000 BDT', NOW(), NOW(), 'company', 'Full-time', 10, 'Mid Level'); 